dataset,model,train_rows,test_rows,fit_time_s,pred_time_mean_s,pred_time_std_s,rows_per_sec,notes
UNSW_official,single_stage,82332,175341,56.61765159992501,2.985329039953649,0.00851567054119368,58734.22917653405,macroF1_single=0.1716
UNSW_official,two_stage,82332,175341,31.01278779981658,1.2551748200319708,0.0030916206885437934,139694.4849447616,fit_stage1=3.85s; fit_stage2=27.16s
SIEM_like_split,single_stage,7000,3000,1.5894702998921275,0.02491268582109894,0.0011262715773654249,120420.57695197414,macroF1_single=0.8386
SIEM_like_split,two_stage,7000,3000,0.6706807999871671,0.01873012851657612,0.0006041302232706872,160169.7498949357,fit_stage1=0.16s; fit_stage2=0.51s
