{
  "hgb": [
    0.5759446276458929,
    0.5758872751844017,
    0.5761369495433784,
    0.5756521449898522,
    0.5737510003708511
  ],
  "xgb": [
    0.5951123192398518,
    0.5964380426657068,
    0.6021639092928611,
    0.6001161531696056,
    0.5853012818670427
  ]
}